<?xml version="1.0" encoding="UTF-8" standalone="yes"?>
<response>
    <id>15</id>
    <surname>Kastsiukevich</surname>
    <name>Diana</name>
    <lastName>Vitalievna</lastName>
    <dateOfBirth>2000-04-22 03:00:00</dateOfBirth>
    <passwordSeries>43242</passwordSeries>
    <city>
        <id>1</id>
        <name>Minsk</name>
    </city>
    <addressFact>Minsk</addressFact>
    <phoneNumber>2345678</phoneNumber>
    <identNumber>DV4234324D</identNumber>
    <isGender>false</isGender>
    <homePhoneNumber>34567890</homePhoneNumber>
    <addressRegistration>ggdfg</addressRegistration>
    <citizenship>
        <id>1</id>
        <name>RB</name>
    </citizenship>
</response>