<Person>
    <surname>Kastsiukevich</surname>
    <name>Diana</name>
    <lastName>Vitalievna</lastName>
    <dateOfBirth>2000-04-23 00:00:00</dateOfBirth>
    <passwordSeries>43242</passwordSeries>
    <city>1</city>
    <addressFact>Minsk</addressFact>
    <phoneNumber>2345678</phoneNumber>
    <identNumber>DV4234324D</identNumber>
    <isGender>false</isGender>
    <homePhoneNumber>34567890</homePhoneNumber>
    <addressRegistration>ggdfg</addressRegistration>
    <citizenShip>1</citizenShip>
</Person>