<?xml version="1.0" encoding="UTF-8"?>
<beans xmlns="http://www.springframework.org/schema/beans"
       xmlns:xsi="http://www.w3.org/2001/XMLSchema-instance"
       xsi:schemaLocation="http://www.springframework.org/schema/beans
        http://www.springframework.org/schema/beans/spring-beans-2.0.xsd">
  <!--Создание бина для класса Strings.-->
  <bean id="strings" class="com.bsuir.spring.generator.Strings">
    <constructor-arg type="java.lang.String" value="ABCDEFGHIJKLMNOPQRSTWXYZabcdefghijklmnopqrstuvwxyzабвгреёжзийклмнопрстуфхцчшщъыьэюя" />
  </bean> <!--Создание бина для класса GeneratorService.-->
  <bean id="language" class="com.bsuir.spring.generator.language">
  <constructor-arg type="java.lang.String" value="ABCDEFGHIJKLMNOPQRSTWXYZabcdefghijklmnopqrstuvwxyzабвгреёжзийклмнопрстуфхцчшщъыьэюя" />
</bean>
  <bean id="generatorService" class="com.bsuir.spring.service.GeneratorService">
    <property name="stringGenerator1" ref="strings"/>
    <property name="stringGenerator2" ref="language"/>
  </bean>
</beans>